DROP TABLE IF EXISTS app_access_groups;
DROP TABLE IF EXISTS app_access_rules;
DROP TABLE IF EXISTS app_access_rules_fields;
DROP TABLE IF EXISTS app_approved_items;
DROP TABLE IF EXISTS app_attachments;
DROP TABLE IF EXISTS app_choices_values;
DROP TABLE IF EXISTS app_comments;
DROP TABLE IF EXISTS app_comments_access;
DROP TABLE IF EXISTS app_comments_forms_tabs;
DROP TABLE IF EXISTS app_comments_history;
DROP TABLE IF EXISTS app_configuration;
DROP TABLE IF EXISTS app_dashboard_pages;
DROP TABLE IF EXISTS app_dashboard_pages_sections;
DROP TABLE IF EXISTS app_emails_on_schedule;
DROP TABLE IF EXISTS app_entities;
DROP TABLE IF EXISTS app_entities_access;
DROP TABLE IF EXISTS app_entities_configuration;
DROP TABLE IF EXISTS app_entities_menu;
DROP TABLE IF EXISTS app_entity_1;
DROP TABLE IF EXISTS app_entity_1_values;
DROP TABLE IF EXISTS app_entity_21;
DROP TABLE IF EXISTS app_entity_21_values;
DROP TABLE IF EXISTS app_entity_22;
DROP TABLE IF EXISTS app_entity_22_values;
DROP TABLE IF EXISTS app_entity_23;
DROP TABLE IF EXISTS app_entity_23_values;
DROP TABLE IF EXISTS app_entity_24;
DROP TABLE IF EXISTS app_entity_24_values;
DROP TABLE IF EXISTS app_entity_25;
DROP TABLE IF EXISTS app_entity_25_values;
DROP TABLE IF EXISTS app_entity_27;
DROP TABLE IF EXISTS app_entity_27_values;
DROP TABLE IF EXISTS app_entity_30;
DROP TABLE IF EXISTS app_entity_30_values;
DROP TABLE IF EXISTS app_entity_35;
DROP TABLE IF EXISTS app_entity_35_values;
DROP TABLE IF EXISTS app_entity_46;
DROP TABLE IF EXISTS app_entity_46_values;
DROP TABLE IF EXISTS app_entity_52;
DROP TABLE IF EXISTS app_entity_52_values;
DROP TABLE IF EXISTS app_entity_53;
DROP TABLE IF EXISTS app_entity_53_values;
DROP TABLE IF EXISTS app_entity_54;
DROP TABLE IF EXISTS app_entity_54_values;
DROP TABLE IF EXISTS app_entity_56;
DROP TABLE IF EXISTS app_entity_56_values;
DROP TABLE IF EXISTS app_entity_57;
DROP TABLE IF EXISTS app_entity_57_values;
DROP TABLE IF EXISTS app_entity_58;
DROP TABLE IF EXISTS app_entity_58_values;
DROP TABLE IF EXISTS app_entity_59;
DROP TABLE IF EXISTS app_entity_59_values;
DROP TABLE IF EXISTS app_ext_calendar;
DROP TABLE IF EXISTS app_ext_calendar_access;
DROP TABLE IF EXISTS app_ext_calendar_events;
DROP TABLE IF EXISTS app_ext_call_history;
DROP TABLE IF EXISTS app_ext_chat_access;
DROP TABLE IF EXISTS app_ext_chat_conversations;
DROP TABLE IF EXISTS app_ext_chat_conversations_messages;
DROP TABLE IF EXISTS app_ext_chat_messages;
DROP TABLE IF EXISTS app_ext_chat_unread_messages;
DROP TABLE IF EXISTS app_ext_chat_users_online;
DROP TABLE IF EXISTS app_ext_comments_templates;
DROP TABLE IF EXISTS app_ext_comments_templates_fields;
DROP TABLE IF EXISTS app_ext_cryptopro_certificates;
DROP TABLE IF EXISTS app_ext_currencies;
DROP TABLE IF EXISTS app_ext_email_rules;
DROP TABLE IF EXISTS app_ext_entities_templates;
DROP TABLE IF EXISTS app_ext_entities_templates_fields;
DROP TABLE IF EXISTS app_ext_export_templates;
DROP TABLE IF EXISTS app_ext_file_storage_queue;
DROP TABLE IF EXISTS app_ext_file_storage_rules;
DROP TABLE IF EXISTS app_ext_functions;
DROP TABLE IF EXISTS app_ext_funnelchart;
DROP TABLE IF EXISTS app_ext_ganttchart;
DROP TABLE IF EXISTS app_ext_ganttchart_access;
DROP TABLE IF EXISTS app_ext_ganttchart_depends;
DROP TABLE IF EXISTS app_ext_global_search_entities;
DROP TABLE IF EXISTS app_ext_graphicreport;
DROP TABLE IF EXISTS app_ext_image_map;
DROP TABLE IF EXISTS app_ext_import_templates;
DROP TABLE IF EXISTS app_ext_ipages;
DROP TABLE IF EXISTS app_ext_item_pivot_tables;
DROP TABLE IF EXISTS app_ext_item_pivot_tables_calcs;
DROP TABLE IF EXISTS app_ext_items_export_templates_blocks;
DROP TABLE IF EXISTS app_ext_kanban;
DROP TABLE IF EXISTS app_ext_mail;
DROP TABLE IF EXISTS app_ext_mail_accounts;
DROP TABLE IF EXISTS app_ext_mail_accounts_entities;
DROP TABLE IF EXISTS app_ext_mail_accounts_entities_fields;
DROP TABLE IF EXISTS app_ext_mail_accounts_entities_filters;
DROP TABLE IF EXISTS app_ext_mail_accounts_entities_rules;
DROP TABLE IF EXISTS app_ext_mail_accounts_users;
DROP TABLE IF EXISTS app_ext_mail_contacts;
DROP TABLE IF EXISTS app_ext_mail_filters;
DROP TABLE IF EXISTS app_ext_mail_groups;
DROP TABLE IF EXISTS app_ext_mail_groups_from;
DROP TABLE IF EXISTS app_ext_mail_to_items;
DROP TABLE IF EXISTS app_ext_map_reports;
DROP TABLE IF EXISTS app_ext_mind_map;
DROP TABLE IF EXISTS app_ext_modules;
DROP TABLE IF EXISTS app_ext_modules_cfg;
DROP TABLE IF EXISTS app_ext_pivot_calendars;
DROP TABLE IF EXISTS app_ext_pivot_calendars_entities;
DROP TABLE IF EXISTS app_ext_pivot_map_reports;
DROP TABLE IF EXISTS app_ext_pivot_map_reports_entities;
DROP TABLE IF EXISTS app_ext_pivot_tables;
DROP TABLE IF EXISTS app_ext_pivot_tables_fields;
DROP TABLE IF EXISTS app_ext_pivot_tables_settings;
DROP TABLE IF EXISTS app_ext_pivotreports;
DROP TABLE IF EXISTS app_ext_pivotreports_fields;
DROP TABLE IF EXISTS app_ext_pivotreports_settings;
DROP TABLE IF EXISTS app_ext_processes;
DROP TABLE IF EXISTS app_ext_processes_actions;
DROP TABLE IF EXISTS app_ext_processes_actions_fields;
DROP TABLE IF EXISTS app_ext_processes_buttons_groups;
DROP TABLE IF EXISTS app_ext_processes_clone_subitems;
DROP TABLE IF EXISTS app_ext_public_forms;
DROP TABLE IF EXISTS app_ext_recurring_tasks;
DROP TABLE IF EXISTS app_ext_recurring_tasks_fields;
DROP TABLE IF EXISTS app_ext_signed_items;
DROP TABLE IF EXISTS app_ext_signed_items_signatures;
DROP TABLE IF EXISTS app_ext_smart_input_rules;
DROP TABLE IF EXISTS app_ext_sms_rules;
DROP TABLE IF EXISTS app_ext_subscribe_rules;
DROP TABLE IF EXISTS app_ext_timeline_reports;
DROP TABLE IF EXISTS app_ext_timer;
DROP TABLE IF EXISTS app_ext_timer_configuration;
DROP TABLE IF EXISTS app_ext_track_changes;
DROP TABLE IF EXISTS app_ext_track_changes_entities;
DROP TABLE IF EXISTS app_ext_track_changes_log;
DROP TABLE IF EXISTS app_ext_track_changes_log_fields;
DROP TABLE IF EXISTS app_ext_xml_export_templates;
DROP TABLE IF EXISTS app_ext_xml_import_templates;
DROP TABLE IF EXISTS app_fields;
DROP TABLE IF EXISTS app_fields_access;
DROP TABLE IF EXISTS app_fields_choices;
DROP TABLE IF EXISTS app_filters_panels;
DROP TABLE IF EXISTS app_filters_panels_fields;
DROP TABLE IF EXISTS app_forms_fields_rules;
DROP TABLE IF EXISTS app_forms_rows;
DROP TABLE IF EXISTS app_forms_tabs;
DROP TABLE IF EXISTS app_global_lists;
DROP TABLE IF EXISTS app_global_lists_choices;
DROP TABLE IF EXISTS app_help_pages;
DROP TABLE IF EXISTS app_holidays;
DROP TABLE IF EXISTS app_image_map_labels;
DROP TABLE IF EXISTS app_image_map_markers;
DROP TABLE IF EXISTS app_items_export_templates;
DROP TABLE IF EXISTS app_listing_highlight_rules;
DROP TABLE IF EXISTS app_listing_sections;
DROP TABLE IF EXISTS app_listing_types;
DROP TABLE IF EXISTS app_mind_map;
DROP TABLE IF EXISTS app_records_visibility_rules;
DROP TABLE IF EXISTS app_related_items;
DROP TABLE IF EXISTS app_related_items_1_21;
DROP TABLE IF EXISTS app_related_items_1_35;
DROP TABLE IF EXISTS app_related_items_21_27;
DROP TABLE IF EXISTS app_related_items_21_30;
DROP TABLE IF EXISTS app_related_items_21_35;
DROP TABLE IF EXISTS app_related_items_21_46;
DROP TABLE IF EXISTS app_related_items_21_56;
DROP TABLE IF EXISTS app_related_items_22_23;
DROP TABLE IF EXISTS app_related_items_22_46;
DROP TABLE IF EXISTS app_related_items_27_35;
DROP TABLE IF EXISTS app_related_items_30_52;
DROP TABLE IF EXISTS app_related_items_30_53;
DROP TABLE IF EXISTS app_related_items_30_54;
DROP TABLE IF EXISTS app_related_items_35_35;
DROP TABLE IF EXISTS app_related_items_57_58;
DROP TABLE IF EXISTS app_reports;
DROP TABLE IF EXISTS app_reports_filters;
DROP TABLE IF EXISTS app_reports_filters_templates;
DROP TABLE IF EXISTS app_reports_groups;
DROP TABLE IF EXISTS app_reports_sections;
DROP TABLE IF EXISTS app_sessions;
DROP TABLE IF EXISTS app_user_filters_values;
DROP TABLE IF EXISTS app_user_roles;
DROP TABLE IF EXISTS app_user_roles_access;
DROP TABLE IF EXISTS app_user_roles_to_items;
DROP TABLE IF EXISTS app_users_alerts;
DROP TABLE IF EXISTS app_users_alerts_viewed;
DROP TABLE IF EXISTS app_users_configuration;
DROP TABLE IF EXISTS app_users_filters;
DROP TABLE IF EXISTS app_users_login_log;
DROP TABLE IF EXISTS app_users_notifications;
DROP TABLE IF EXISTS app_users_search_settings;


CREATE TABLE IF NOT EXISTS `app_access_groups` (
  `id` int(11) NOT NULL AUTO_INCREMENT,
  `name` varchar(64) DEFAULT NULL,
  `is_default` tinyint(1) DEFAULT NULL,
  `is_ldap_default` tinyint(1) DEFAULT NULL,
  `ldap_filter` text,
  `sort_order` int(11) NOT NULL,
  PRIMARY KEY (`id`)
) ENGINE=InnoDB AUTO_INCREMENT=13 DEFAULT CHARSET=utf8mb4;

INSERT INTO app_access_groups VALUES
('5','Developer','0','0',NULL,'1'),
('6','Client','0','0',NULL,'0');

CREATE TABLE IF NOT EXISTS `app_access_rules` (
  `id` int(10) unsigned NOT NULL AUTO_INCREMENT,
  `entities_id` int(10) unsigned NOT NULL,
  `fields_id` int(10) unsigned NOT NULL,
  `choices` text,
  `users_groups` text,
  `access_schema` text,
  `fields_view_only_access` text,
  `comments_access_schema` varchar(64) DEFAULT NULL,
  PRIMARY KEY (`id`),
  KEY `idx_entities_id` (`entities_id`),
  KEY `idx_fields_id` (`fields_id`)
) ENGINE=InnoDB AUTO_INCREMENT=3 DEFAULT CHARSET=utf8mb4;

INSERT INTO app_access_rules VALUES
('2','27','253','221,27,28,212,211,127,29,128','6','update,delete',NULL,'false');

CREATE TABLE IF NOT EXISTS `app_access_rules_fields` (
  `id` int(10) unsigned NOT NULL AUTO_INCREMENT,
  `entities_id` int(10) unsigned NOT NULL,
  `fields_id` int(10) unsigned NOT NULL,
  PRIMARY KEY (`id`),
  KEY `idx_entities_id` (`entities_id`),
  KEY `idx_fields_id` (`fields_id`)
) ENGINE=InnoDB AUTO_INCREMENT=3 DEFAULT CHARSET=utf8mb4;

INSERT INTO app_access_rules_fields VALUES
('1','27','253');

CREATE TABLE IF NOT EXISTS `app_approved_items` (
  `id` int(11) NOT NULL AUTO_INCREMENT,
  `entities_id` int(11) NOT NULL,
  `items_id` int(11) NOT NULL,
  `fields_id` int(11) NOT NULL,
  `users_id` int(11) NOT NULL,
  `signature` text,
  `date_added` bigint(20) unsigned NOT NULL,
  PRIMARY KEY (`id`),
  KEY `idx_entities_id` (`entities_id`),
  KEY `idx_items_id` (`items_id`),
  KEY `idx_fields_id` (`fields_id`),
  KEY `idx_users_id` (`users_id`)
) ENGINE=InnoDB DEFAULT CHARSET=utf8mb4;

CREATE TABLE IF NOT EXISTS `app_attachments` (
  `id` int(11) NOT NULL AUTO_INCREMENT,
  `form_token` varchar(64) DEFAULT NULL,
  `filename` varchar(255) DEFAULT NULL,
  `date_added` date NOT NULL,
  `container` varchar(16) DEFAULT NULL,
  PRIMARY KEY (`id`)
) ENGINE=InnoDB AUTO_INCREMENT=12 DEFAULT CHARSET=utf8mb4;

CREATE TABLE IF NOT EXISTS `app_backups` (
  `id` int(11) NOT NULL AUTO_INCREMENT,
  `users_id` int(11) NOT NULL,
  `description` text,
  `filename` varchar(64) DEFAULT NULL,
  `date_added` bigint(20) unsigned NOT NULL,
  PRIMARY KEY (`id`),
  KEY `idx_users_id` (`users_id`)
) ENGINE=InnoDB AUTO_INCREMENT=11 DEFAULT CHARSET=utf8mb4;

CREATE TABLE IF NOT EXISTS `app_choices_values` (
  `id` int(11) NOT NULL AUTO_INCREMENT,
  `entities_id` int(11) NOT NULL,
  `items_id` int(11) NOT NULL,
  `fields_id` int(11) NOT NULL,
  `value` int(11) NOT NULL,
  PRIMARY KEY (`id`),
  KEY `idx_entities_id` (`entities_id`),
  KEY `idx_items_id` (`items_id`),
  KEY `idx_fields_id` (`fields_id`)
) ENGINE=InnoDB DEFAULT CHARSET=utf8mb4;

CREATE TABLE IF NOT EXISTS `app_comments` (
  `id` int(11) NOT NULL AUTO_INCREMENT,
  `entities_id` int(11) NOT NULL,
  `items_id` int(11) NOT NULL,
  `created_by` int(11) NOT NULL,
  `description` text,
  `attachments` text,
  `date_added` bigint(20) unsigned NOT NULL,
  PRIMARY KEY (`id`),
  KEY `idx_entities_id` (`entities_id`),
  KEY `idx_items_id` (`items_id`),
  KEY `idx_created_by` (`created_by`)
) ENGINE=InnoDB AUTO_INCREMENT=256 DEFAULT CHARSET=utf8mb4;

CREATE TABLE IF NOT EXISTS `app_comments_access` (
  `id` int(11) NOT NULL AUTO_INCREMENT,
  `entities_id` int(11) NOT NULL,
  `access_groups_id` int(11) NOT NULL,
  `access_schema` varchar(64) DEFAULT NULL,
  PRIMARY KEY (`id`),
  KEY `idx_entities_id` (`entities_id`),
  KEY `idx_access_groups_id` (`access_groups_id`)
) ENGINE=InnoDB AUTO_INCREMENT=52 DEFAULT CHARSET=utf8mb4;

INSERT INTO app_comments_access VALUES
('4','21','6','view,create,update,delete'),
('5','21','5','view,create,update,delete'),
('6','21','4','view,create,update,delete'),
('7','22','5','view,create,update,delete'),
('8','22','4','view,create,update,delete'),
('9','23','6','view,create,update,delete'),
('10','23','4','view,create,update,delete'),
('11','24','5','view,create,update,delete'),
('12','24','4','view,create,update,delete'),
('13','25','6','view,create,update,delete'),
('14','25','5','view,create,update,delete'),
('15','25','12','view,create,update,delete'),
('16','21','12','view,create,update,delete'),
('17','26','6','view,create'),
('18','26','5','view,create'),
('19','26','12','view,create,update,delete'),
('20','31','6','view'),
('21','31','5','view,create,update,delete'),
('22','31','12','view,create,update,delete'),
('23','22','12','view,create,update,delete'),
('24','24','12','view,create,update,delete'),
('25','30','12',NULL),
('26','45','12',NULL),
('27','44','12',NULL),
('28','1','12',NULL),
('29','35','12',NULL),
('30','32','12','view,create,update,delete'),
('31','23','12','view,create,update,delete'),
('32','27','12','view,create,update,delete'),
('33','46','6','view,create,update,delete'),
('34','22','6','view,create,update,delete'),
('35','24','6','view,create,update,delete'),
('36','27','6','view,create,update,delete'),
('37','45','6',NULL),
('38','1','6',NULL),
('39','38','6',NULL),
('40','35','6',NULL),
('41','30','6',NULL),
('42','44','6',NULL),
('43','46','5','view,create,update,delete'),
('44','23','5','view,create,update,delete'),
('45','27','5','view,create,update,delete'),
('46','30','5',NULL),
('47','49','5','view,create,update,delete'),
('48','45','5',NULL),
('49','52','6',NULL),
('50','53','6',NULL),
('51','54','6',NULL);

CREATE TABLE IF NOT EXISTS `app_comments_forms_tabs` (
  `id` int(11) NOT NULL AUTO_INCREMENT,
  `entities_id` int(11) NOT NULL,
  `name` varchar(64) DEFAULT NULL,
  `sort_order` int(11) NOT NULL,
  PRIMARY KEY (`id`),
  KEY `idx_entities_id` (`entities_id`)
) ENGINE=InnoDB AUTO_INCREMENT=3 DEFAULT CHARSET=utf8mb4;

INSERT INTO app_comments_forms_tabs VALUES
('1','25','Assigned to','1'),
('2','56','Comments','3');

CREATE TABLE IF NOT EXISTS `app_comments_history` (
  `id` int(11) NOT NULL AUTO_INCREMENT,
  `comments_id` int(11) NOT NULL,
  `fields_id` int(11) NOT NULL,
  `fields_value` text,
  PRIMARY KEY (`id`),
  KEY `idx_comments_id` (`comments_id`),
  KEY `idx_fields_id` (`fields_id`)
) ENGINE=InnoDB AUTO_INCREMENT=255 DEFAULT CHARSET=utf8mb4;

CREATE TABLE IF NOT EXISTS `app_configuration` (
  `id` int(11) NOT NULL AUTO_INCREMENT,
  `configuration_name` varchar(255) DEFAULT NULL,
  `configuration_value` text,
  PRIMARY KEY (`id`)
) ENGINE=InnoDB AUTO_INCREMENT=102 DEFAULT CHARSET=utf8mb4;

INSERT INTO app_configuration VALUES
('9','CFG_APP_NAME','Project Management Portal'),
('10','CFG_APP_SHORT_NAME','Ruko'),
('11','CFG_APP_LOGO',NULL),
('12','CFG_EMAIL_USE_NOTIFICATION','1'),
('13','CFG_EMAIL_SUBJECT_LABEL','[Support]'),
('14','CFG_EMAIL_AMOUNT_PREVIOUS_COMMENTS','2'),
('15','CFG_EMAIL_COPY_SENDER','1'),
('16','CFG_EMAIL_SEND_FROM_SINGLE','1'),
('17','CFG_EMAIL_ADDRESS_FROM','support@youremail.com'),
('18','CFG_EMAIL_NAME_FROM','Support'),
('19','CFG_EMAIL_USE_SMTP','0'),
('20','CFG_EMAIL_SMTP_SERVER','pixelita.com'),
('21','CFG_EMAIL_SMTP_PORT','465'),
('22','CFG_EMAIL_SMTP_ENCRYPTION','TLS'),
('23','CFG_EMAIL_SMTP_LOGIN','support@pixelita.com'),
('24','CFG_EMAIL_SMTP_PASSWORD','LookingGood10'),
('25','CFG_LDAP_USE','0'),
('26','CFG_LDAP_SERVER_NAME',NULL),
('27','CFG_LDAP_SERVER_PORT',NULL),
('28','CFG_LDAP_BASE_DN',NULL),
('29','CFG_LDAP_UID',NULL),
('30','CFG_LDAP_USER',NULL),
('31','CFG_LDAP_EMAIL_ATTRIBUTE',NULL),
('32','CFG_LDAP_USER_DN',NULL),
('33','CFG_LDAP_PASSWORD',NULL),
('34','CFG_LOGIN_PAGE_HEADING','Welcome!'),
('35','CFG_LOGIN_PAGE_CONTENT','This Project Management System contains confidential and proprietary information, and strategies and work product which must not be shared with any third parties without express written consent from [Company Name]. Please read our privacy policy under Information > Privacy on the dashboard menu.'),
('36','CFG_APP_TIMEZONE','America/Chicago'),
('37','CFG_APP_DATE_FORMAT','m/d/Y'),
('38','CFG_APP_DATETIME_FORMAT','m/d/Y H:i'),
('39','CFG_APP_ROWS_PER_PAGE','10'),
('40','CFG_REGISTRATION_EMAIL_SUBJECT',NULL),
('41','CFG_REGISTRATION_EMAIL_BODY',NULL),
('42','CFG_PASSWORD_MIN_LENGTH','4'),
('43','CFG_APP_LANGUAGE','english.php'),
('44','CFG_APP_SKIN','ColorCycle'),
('45','CFG_PUBLIC_USER_PROFILE_FIELDS','213,379'),
('46','CFG_APP_LOGO_URL',NULL),
('47','CFG_APP_COPYRIGHT_NAME','[Company Name]'),
('48','CFG_APP_NUMBER_FORMAT','2/./*'),
('49','CFG_APP_FIRST_DAY_OF_WEEK','1'),
('50','CFG_APP_DISPLAY_USER_NAME_ORDER','firstname_lastname'),
('51','CFG_ALLOW_CHANGE_USERNAME','1'),
('52','CFG_ALLOW_REGISTRATION_WITH_THE_SAME_EMAIL','0'),
('53','CFG_APP_DISABLE_CHANGE_PWD',NULL),
('54','CFG_APP_LOGIN_PAGE_BACKGROUND','app_bg_1581273216.jpg'),
('55','CFG_LOGIN_PAGE_HIDE_REMEMBER_ME','0'),
('56','CFG_USE_PUBLIC_REGISTRATION','1'),
('57','CFG_PUBLIC_REGISTRATION_USER_GROUP','6'),
('58','CFG_PUBLIC_REGISTRATION_PAGE_HEADING','User Registration'),
('59','CFG_PUBLIC_REGISTRATION_PAGE_CONTENT',NULL),
('60','CFG_REGISTRATION_BUTTON_TITLE','Register'),
('61','CFG_RESIZE_IMAGES','1'),
('62','CFG_MAX_IMAGE_WIDTH','1600'),
('63','CFG_MAX_IMAGE_HEIGHT',NULL),
('64','CFG_RESIZE_IMAGES_TYPES','1,2,3'),
('65','CFG_SKIP_IMAGE_RESIZE','5000'),
('66','CFG_NOTIFICATIONS_SCHEDULE','0'),
('67','CFG_SEND_EMAILS_ON_SCHEDULE','0'),
('68','CFG_MAXIMUM_NUMBER_EMAILS','3'),
('69','CFG_MAINTENANCE_MODE','0'),
('70','CFG_MAINTENANCE_MESSAGE_HEADING','Site Temporarily Unavailable'),
('71','CFG_MAINTENANCE_MESSAGE_CONTENT','We are sorry, but we are performing needed site maintenance at the present time.  Please check back in about one hour.  If you need to contact us, please send an email to support@pixelita.com.'),
('72','CFG_APP_LOGIN_MAINTENANCE_BACKGROUND','app_bg_1557935010.jpeg'),
('73','CFG_PLUGIN_EXT_INSTALLED','1'),
('74','CFG_PLUGIN_EXT_LICENSE_KEY','1489613300134331449714763611815162155611423114763156941476313300139651542813433143646118148961516214763'),
('75','CFG_ENABLE_CHAT','0'),
('76','CFG_CHAT_SEND_ALERTS','0'),
('77','CFG_CHAT_ALERTS_SUBJECT',NULL),
('78','CFG_PUBLIC_CALENDAR_SEND_ALERTS','0'),
('79','CFG_PUBLIC_CALENDAR_ALERTS_TIME','00'),
('80','CFG_PUBLIC_CALENDAR_ALERTS_SUBJECT',NULL),
('81','CFG_PERSONAL_CALENDAR_SEND_ALERTS','0'),
('82','CFG_PERSONAL_CALENDAR_ALERTS_TIME','00'),
('83','CFG_PERSONAL_CALENDAR_ALERTS_SUBJECT',NULL),
('84','CFG_DISABLE_CHECK_FOR_UPDATES','0'),
('85','CFG_PUBLIC_REGISTRATION_HIDDEN_FIELDS',NULL),
('86','CFG_REGISTRATION_NOTIFICATION_USERS','19'),
('87','CFG_CURRENCIES_WIDGET_LOCATION',NULL),
('88','CFG_CURRENCIES_WIDGET_USERS_GROUPS','0,5,12'),
('89','CFG_USE_CACHE_REPORTS_IN_HEADER','1'),
('90','CFG_CACHE_REPORTS_IN_HEADER_LIFETIME','300'),
('91','CFG_PERSONAL_CALENDAR_DEFAULT_VIEW','month'),
('92','CFG_PERSONAL_CALENDAR_HIGHLIGHTING_WEEKENDS','.fc-sun,.fc-sat'),
('93','CFG_MAIL_INTEGRATION','1'),
('94','CFG_MAIL_DISPLAY_IN_HEADER','1'),
('95','CFG_MAIL_DISPLAY_IN_MENU','1'),
('96','CFG_MAIL_ROWS_PER_PAGE','10'),
('97','CFG_MAIL_DATETIME_FORMAT','m/d/Y H:i'),
('98','CFG_PUBLIC_CALENDAR_DEFAULT_VIEW','month'),
('99','CFG_PUBLIC_CALENDAR_HIGHLIGHTING_WEEKENDS','.fc-sun,.fc-sat'),
('100','CFG_LOGIN_DIGITAL_SIGNATURE_MODULE',NULL),
('101','CFG_PUBLIC_REGISTRATION_USER_AGREEMENT',NULL);

CREATE TABLE IF NOT EXISTS `app_dashboard_pages` (
  `id` int(11) NOT NULL AUTO_INCREMENT,
  `created_by` int(11) NOT NULL,
  `sections_id` int(11) NOT NULL,
  `type` varchar(16) DEFAULT NULL,
  `is_active` tinyint(1) NOT NULL,
  `name` varchar(255) DEFAULT NULL,
  `icon` varchar(64) DEFAULT NULL,
  `description` text,
  `color` varchar(16) DEFAULT NULL,
  `users_fields` text,
  `users_groups` text,
  `sort_order` int(11) NOT NULL,
  PRIMARY KEY (`id`),
  KEY `idx_created_by` (`created_by`),
  KEY `idx_sections_id` (`sections_id`)
) ENGINE=InnoDB AUTO_INCREMENT=2 DEFAULT CHARSET=utf8mb4;

INSERT INTO app_dashboard_pages VALUES
('1','19','0','info_block','0','My Account','fa-user','Information about each user\'s account. Only visible when he or she is logged in. ','success','12,5,489,6','0,12,6,5','2');

CREATE TABLE IF NOT EXISTS `app_dashboard_pages_sections` (
  `id` int(11) NOT NULL AUTO_INCREMENT,
  `name` varchar(255) DEFAULT NULL,
  `grid` tinyint(1) NOT NULL,
  `sort_order` smallint(6) NOT NULL,
  PRIMARY KEY (`id`)
) ENGINE=InnoDB DEFAULT CHARSET=utf8mb4;

CREATE TABLE IF NOT EXISTS `app_emails_on_schedule` (
  `id` int(11) NOT NULL AUTO_INCREMENT,
  `date_added` bigint(20) unsigned NOT NULL,
  `email_to` varchar(255) DEFAULT NULL,
  `email_to_name` varchar(255) DEFAULT NULL,
  `email_subject` varchar(255) DEFAULT NULL,
  `email_body` text,
  `email_from` varchar(255) DEFAULT NULL,
  `email_from_name` varchar(255) DEFAULT NULL,
  `email_attachments` text NOT NULL,
  PRIMARY KEY (`id`)
) ENGINE=InnoDB DEFAULT CHARSET=utf8mb4;

CREATE TABLE IF NOT EXISTS `app_entities` (
  `id` int(11) NOT NULL AUTO_INCREMENT,
  `parent_id` int(11) NOT NULL,
  `name` varchar(64) DEFAULT NULL,
  `notes` text,
  `display_in_menu` tinyint(1) DEFAULT '0',
  `sort_order` int(11) NOT NULL,
  PRIMARY KEY (`id`)
) ENGINE=InnoDB AUTO_INCREMENT=60 DEFAULT CHARSET=utf8mb4;

INSERT INTO app_entities VALUES
('1','0','Users',NULL,'0','10'),
('21','0','Projects',NULL,'0','1'),
('22','21','Tasks',NULL,'0','1'),
('23','21','Tickets',NULL,'0','1'),
('24','21','Discussions',NULL,'0','2'),
('25','0','Support_Ticket','Ticket independent of a project.','0','0'),
('27','21','Assets','Client assets associated with the Project.','0','3'),
('30','21','Invoices',NULL,'0','2'),
('35','0','Resources','Library of web design resources.','0','5'),
('46','21','Milestones',NULL,'0','0'),
('52','30','Fees',NULL,'1','0'),
('53','30','Expenses',NULL,'1','1'),
('54','30','Payments',NULL,'1','2'),
('56','0','CRM Management','For storing contact information on prospective clients (e.g., proposals, estimates).  ','0','0'),
('57','56','Estimates',NULL,'0','0'),
('58','57','Line Items',NULL,'0','0'),
('59','56','Proposals',NULL,'0','0');

CREATE TABLE IF NOT EXISTS `app_entities_access` (
  `id` int(11) NOT NULL AUTO_INCREMENT,
  `entities_id` int(11) NOT NULL,
  `access_groups_id` int(11) NOT NULL,
  `access_schema` text,
  PRIMARY KEY (`id`),
  KEY `idx_entities_id` (`entities_id`),
  KEY `idx_access_groups_id` (`access_groups_id`)
) ENGINE=InnoDB AUTO_INCREMENT=95 DEFAULT CHARSET=utf8mb4;

INSERT INTO app_entities_access VALUES
('28','21','6','view_assigned,update,update_selected,reports,view'),
('29','21','5','view_assigned,create,update,update_selected,reports,view'),
('31','22','6','view_assigned,create,update,update_selected,reports,view'),
('32','22','5','view_assigned,create,update,update_selected,repeat,reports,view'),
('34','23','6','view_assigned,create,update,update_selected,delete_creator,reports,view,delete'),
('35','23','5','view_assigned,create,update,update_selected,repeat,reports,view'),
('37','24','6','view_assigned,create,update,update_selected,delete_creator,reports,view,delete'),
('38','24','5','view_assigned,create,update,update_selected,repeat,reports,view'),
('40','25','6','view_assigned,create,update,update_selected,reports,view'),
('41','25','5','view_assigned,create,update,update_selected,reports,view'),
('48','1','6','view_assigned,reports,view'),
('49','1','5','view_assigned'),
('52','26','6','view_assigned,create,update,delete,reports'),
('53','26','5','view_assigned,create,update'),
('55','27','6','action_with_assigned,create,update,update_selected,delete_creator,reports,view,delete'),
('56','27','5','action_with_assigned,create,update,update_selected,reports,view'),
('58','29','6','view_assigned'),
('59','29','5',NULL),
('61','30','6','view_assigned,reports,view'),
('62','30','5',NULL),
('64','31','6','action_with_assigned,view'),
('65','31','5','view_assigned,view'),
('70','36','6','view_assigned,view'),
('71','36','5','view_assigned,view'),
('73','37','6',NULL),
('74','37','5','view_assigned,view'),
('79','35','6','view_assigned,reports,view'),
('80','35','5',NULL),
('84','46','6','view_assigned,reports,view'),
('90','46','5','view_assigned,create,update,update_selected,reports,view'),
('92','52','6','view_assigned,reports,view'),
('93','53','6','view_assigned,reports,view'),
('94','54','6','view_assigned,reports,view');

CREATE TABLE IF NOT EXISTS `app_entities_configuration` (
  `id` int(11) NOT NULL AUTO_INCREMENT,
  `entities_id` int(11) NOT NULL,
  `configuration_name` varchar(255) DEFAULT NULL,
  `configuration_value` text,
  PRIMARY KEY (`id`),
  KEY `idx_entities_id` (`entities_id`)
) ENGINE=InnoDB AUTO_INCREMENT=775 DEFAULT CHARSET=utf8mb4;

INSERT INTO app_entities_configuration VALUES
('11','1','menu_title','Users'),
('12','1','listing_heading','User'),
('13','1','window_heading','User Info'),
('14','1','insert_button','Add User'),
('15','1','use_comments','0'),
('25','21','menu_title',' Projects'),
('26','21','listing_heading',' Projects'),
('27','21','window_heading','Project Info'),
('28','21','insert_button','Add Project'),
('29','21','email_subject_new_item','New Project: '),
('30','21','use_comments','1'),
('31','21','email_subject_new_comment','New project comment:'),
('32','22','menu_title','Tasks'),
('33','22','listing_heading','Tasks'),
('34','22','window_heading','Task Info'),
('35','22','insert_button','Add Task'),
('36','22','email_subject_new_item','New Task'),
('37','22','use_comments','1'),
('38','22','email_subject_new_comment','New task comment:'),
('39','23','menu_title','Tickets'),
('40','23','listing_heading','Tickets'),
('41','23','window_heading','Ticket Info'),
('42','23','insert_button','Add Ticket'),
('43','23','email_subject_new_item','New Ticket: '),
('44','23','use_comments','1'),
('45','23','email_subject_new_comment','New ticket comment'),
('46','24','menu_title','Discussions'),
('47','24','listing_heading','Discussions'),
('48','24','window_heading','Discussion Info'),
('49','24','insert_button','Add Discussion'),
('50','24','email_subject_new_item','New Discussion:'),
('51','24','use_comments','1'),
('52','24','email_subject_new_comment','New discussion comment:'),
('53','21','use_editor_in_comments','1'),
('54','22','use_editor_in_comments','0'),
('55','23','use_editor_in_comments','1'),
('56','24','use_editor_in_comments','1'),
('57','25','menu_title','Support Ticket'),
('58','25','menu_icon','fa-bell'),
('59','25','listing_heading','Support Ticket'),
('60','25','window_heading','Support Ticket'),
('61','25','insert_button','Add Ticket'),
('62','25','reports_hide_insert_button','0'),
('63','25','email_subject_new_item','New Support Ticket'),
('64','25','email_subject_updated_item','Updated Support Ticket'),
('65','25','use_comments','1'),
('66','25','display_comments_id','1'),
('67','25','use_editor_in_comments','1'),
('68','25','disable_attachments_in_comments','0'),
('69','25','email_subject_new_comment',NULL),
('70','25','redirect_after_adding','info'),
('71','25','redirect_after_click_heading','info'),
('72','23','menu_icon','fa-bell-o'),
('73','23','reports_hide_insert_button','0'),
('74','23','email_subject_updated_item','Updated Ticket'),
('75','23','display_comments_id','0'),
('76','23','disable_attachments_in_comments','0'),
('77','23','redirect_after_adding','subentity'),
('78','23','redirect_after_click_heading','subentity'),
('79','1','menu_icon','fa-group'),
('80','1','reports_hide_insert_button','0'),
('81','1','email_subject_new_item',NULL),
('82','1','email_subject_updated_item',NULL),
('83','1','display_comments_id','0'),
('84','1','use_editor_in_comments','0'),
('85','1','disable_attachments_in_comments','0'),
('86','1','email_subject_new_comment',NULL),
('87','1','redirect_after_adding','subentity'),
('88','1','redirect_after_click_heading','subentity'),
('89','21','menu_icon','fa-briefcase'),
('90','21','reports_hide_insert_button','0'),
('91','21','email_subject_updated_item','Project Update: '),
('92','21','display_comments_id','1'),
('93','21','disable_attachments_in_comments','0'),
('94','21','redirect_after_adding','subentity'),
('95','21','redirect_after_click_heading','subentity'),
('111','27','menu_title','Client Assets'),
('112','27','menu_icon','fa-folder'),
('113','27','listing_heading','Client Assets'),
('114','27','window_heading','Client Assets'),
('115','27','insert_button','Add Asset'),
('116','27','reports_hide_insert_button','0'),
('117','27','email_subject_new_item','New Client Asset'),
('118','27','email_subject_updated_item','Updated Client Asset'),
('119','27','use_comments','1'),
('120','27','display_comments_id','0'),
('121','27','use_editor_in_comments','1'),
('122','27','disable_attachments_in_comments','0'),
('123','27','email_subject_new_comment',NULL),
('124','27','redirect_after_adding','subentity'),
('125','27','redirect_after_click_heading','subentity'),
('156','30','menu_title','Invoices'),
('157','30','menu_icon','fa-usd'),
('158','30','listing_heading','Invoices'),
('159','30','window_heading',NULL),
('160','30','insert_button','Add Invoice'),
('161','30','reports_hide_insert_button','0'),
('162','30','email_subject_new_item','New Invoice Is Ready'),
('163','30','email_subject_updated_item','Your Invoice Has Been Updated'),
('164','30','use_comments','0'),
('165','30','display_comments_id','0'),
('166','30','use_editor_in_comments','0'),
('167','30','disable_attachments_in_comments','0'),
('168','30','email_subject_new_comment',NULL),
('169','30','redirect_after_adding','subentity'),
('170','30','redirect_after_click_heading','subentity'),
('171','30','item_page_columns_size','12-12'),
('172','30','item_page_details_columns','1'),
('173','30','item_page_comments_position','left_column'),
('174','30','item_page_hidden_fields',NULL),
('175','25','item_page_columns_size','12-12'),
('176','25','item_page_details_columns','1'),
('177','25','item_page_comments_position','left_column'),
('178','25','item_page_hidden_fields',NULL),
('247','35','menu_title',NULL),
('248','35','menu_icon','fa-heart'),
('249','35','listing_heading',NULL),
('250','35','window_heading',NULL),
('251','35','insert_button','Add Resource'),
('252','35','reports_hide_insert_button','0'),
('253','35','email_subject_new_item','New Resource'),
('254','35','email_subject_updated_item','Updated Resource'),
('255','35','use_comments','0'),
('256','35','display_comments_id','0'),
('257','35','use_editor_in_comments','0'),
('258','35','disable_attachments_in_comments','0'),
('259','35','email_subject_new_comment',NULL),
('260','35','redirect_after_adding','subentity'),
('261','35','redirect_after_click_heading','subentity'),
('262','35','item_page_columns_size','12-12'),
('263','35','item_page_details_columns','1'),
('264','35','item_page_comments_position','left_column'),
('265','35','item_page_hidden_fields',NULL),
('338','21','item_page_columns_size','6-6'),
('339','21','item_page_details_columns','1'),
('340','21','item_page_comments_position','left_column'),
('341','21','item_page_subentity22_position','left_column'),
('342','21','item_page_subentity22_heading',NULL),
('343','21','hide_subentity22_in_top_menu','0'),
('344','21','item_page_subentity23_position','left_column'),
('345','21','item_page_subentity23_heading',NULL),
('346','21','hide_subentity23_in_top_menu','0'),
('347','21','item_page_subentity24_position','left_column'),
('348','21','item_page_subentity24_heading',NULL),
('349','21','hide_subentity24_in_top_menu','0'),
('350','21','item_page_subentity27_position','right_column'),
('351','21','item_page_subentity27_heading',NULL),
('352','21','hide_subentity27_in_top_menu','0'),
('353','21','item_page_subentity30_position','right_column'),
('354','21','item_page_subentity30_heading',NULL),
('355','21','hide_subentity30_in_top_menu','0'),
('356','21','item_page_subentity31_position','left_column'),
('357','21','item_page_subentity31_heading',NULL),
('358','21','hide_subentity31_in_top_menu','0'),
('359','21','item_page_subentity36_position',NULL),
('360','21','item_page_subentity36_heading',NULL),
('361','21','hide_subentity36_in_top_menu','0'),
('362','21','item_page_hidden_fields',NULL),
('383','21','item_page_subentity39_position',NULL),
('384','21','item_page_subentity39_heading',NULL),
('385','21','hide_subentity39_in_top_menu','0'),
('386','21','item_page_subentity40_position','right_column'),
('387','21','item_page_subentity40_heading',NULL),
('388','21','hide_subentity40_in_top_menu','0'),
('389','24','menu_icon','fa-comments'),
('390','24','reports_hide_insert_button','1'),
('391','24','email_subject_updated_item',NULL),
('392','24','display_comments_id','1'),
('393','24','disable_attachments_in_comments','0'),
('394','24','redirect_after_adding','subentity'),
('395','24','redirect_after_click_heading','subentity'),
('396','22','item_page_columns_size','12-12'),
('397','22','item_page_details_columns','1'),
('398','22','item_page_comments_position','left_column'),
('399','22','item_page_field468_entity23_position','left_column'),
('400','22','item_page_field468_entity23_heading','Tasks'),
('401','22','item_page_hidden_fields',NULL),
('421','46','menu_title','Milestones'),
('422','46','menu_icon',NULL),
('423','46','listing_heading','Milestones'),
('424','46','window_heading',NULL),
('425','46','insert_button',NULL),
('426','46','reports_hide_insert_button','0'),
('427','46','email_subject_new_item',NULL),
('428','46','email_subject_updated_item',NULL),
('429','46','disable_notification','0'),
('430','46','disable_internal_notification','0'),
('431','46','disable_highlight_unread','0'),
('432','46','use_comments','1'),
('433','46','display_comments_id','1'),
('434','46','display_last_comment_in_listing','1'),
('435','46','use_editor_in_comments','1'),
('436','46','disable_attachments_in_comments','0'),
('437','46','email_subject_new_comment',NULL),
('438','46','send_notification_to_assigned','1'),
('439','46','redirect_after_adding','subentity'),
('440','46','redirect_after_click_heading','subentity'),
('441','46','item_page_columns_size','12-12'),
('442','46','item_page_details_columns','1'),
('443','46','item_page_comments_position','left_column'),
('444','46','item_page_hidden_fields',NULL),
('445','21','disable_notification','0'),
('446','21','disable_internal_notification','0'),
('447','21','disable_highlight_unread','0'),
('448','21','display_last_comment_in_listing','1'),
('449','21','send_notification_to_assigned','1'),
('470','30','disable_notification','0'),
('471','30','disable_internal_notification','0'),
('472','30','disable_highlight_unread','0'),
('473','30','display_last_comment_in_listing','1'),
('474','30','send_notification_to_assigned','0'),
('524','21','item_page_subentity44_position','right_column'),
('525','21','item_page_subentity44_heading',NULL),
('526','21','hide_subentity44_in_top_menu','0'),
('527','21','item_page_subentity45_position','right_column'),
('528','21','item_page_subentity45_heading',NULL),
('529','21','hide_subentity45_in_top_menu','0'),
('530','21','item_page_subentity46_position','right_column'),
('531','21','item_page_subentity46_heading',NULL),
('532','21','hide_subentity46_in_top_menu','0'),
('533','21','item_page_subentity49_position','right_column'),
('534','21','item_page_subentity49_heading',NULL),
('535','21','hide_subentity49_in_top_menu','0'),
('536','21','change_col_width_in_listing','0'),
('537','21','default_filter_panel_status','0'),
('574','52','item_page_columns_size','12-12'),
('575','52','item_page_details_columns','1'),
('576','52','item_page_comments_position','left_column'),
('577','52','item_page_hidden_fields',NULL),
('578','53','item_page_columns_size','12-12'),
('579','53','item_page_details_columns','1'),
('580','53','item_page_comments_position','left_column'),
('581','53','item_page_hidden_fields',NULL),
('582','54','item_page_columns_size','12-12'),
('583','54','item_page_details_columns','1'),
('584','54','item_page_comments_position','left_column'),
('585','54','item_page_hidden_fields',NULL),
('586','27','disable_notification','0'),
('587','27','disable_internal_notification','0'),
('588','27','disable_highlight_unread','0'),
('589','27','display_last_comment_in_listing','1'),
('590','27','send_notification_to_assigned','1'),
('591','1','item_page_columns_size','12-12'),
('592','1','item_page_details_columns','1'),
('593','1','item_page_comments_position','left_column'),
('594','1','item_page_hidden_fields',NULL),
('619','30','item_page_subentity52_position','left_column'),
('620','30','item_page_subentity52_heading',NULL),
('621','30','hide_subentity52_in_top_menu','0'),
('622','30','item_page_subentity53_position','left_column'),
('623','30','item_page_subentity53_heading',NULL),
('624','30','hide_subentity53_in_top_menu','0'),
('625','30','item_page_subentity54_position','left_column'),
('626','30','item_page_subentity54_heading',NULL),
('627','30','hide_subentity54_in_top_menu','0'),
('628','56','item_page_columns_size','12-12'),
('629','56','item_page_details_columns','2'),
('630','56','item_page_comments_position','left_column'),
('631','56','item_page_hidden_fields',NULL),
('632','56','menu_title','CRM'),
('633','56','menu_icon','fa-handshake-o'),
('634','56','listing_heading','Leads'),
('635','56','window_heading','Leads'),
('636','56','insert_button','Add Lead'),
('637','56','reports_hide_insert_button','0'),
('638','56','email_subject_new_item',NULL),
('639','56','email_subject_updated_item',NULL),
('640','56','disable_notification','0'),
('641','56','disable_internal_notification','0'),
('642','56','disable_highlight_unread','0'),
('643','56','use_comments','0'),
('644','56','display_comments_id','0'),
('645','56','display_last_comment_in_listing','0'),
('646','56','use_editor_in_comments','0'),
('647','56','disable_attachments_in_comments','0'),
('648','56','email_subject_new_comment','Lead Comment'),
('649','56','send_notification_to_assigned','1'),
('650','56','redirect_after_adding','subentity'),
('651','56','redirect_after_click_heading','subentity'),
('652','56','item_page_field612_entity50_position','left_column'),
('653','56','item_page_field612_entity50_heading',NULL),
('654','59','item_page_columns_size','12-12'),
('655','59','item_page_details_columns','1'),
('656','59','item_page_comments_position','left_column'),
('657','59','item_page_hidden_fields',NULL),
('658','57','menu_title','Estimates'),
('659','57','menu_icon','fa-money'),
('660','57','listing_heading',NULL),
('661','57','window_heading',NULL),
('662','57','insert_button','Add Estimate'),
('663','57','reports_hide_insert_button','0'),
('664','57','email_subject_new_item',NULL),
('665','57','email_subject_updated_item',NULL),
('666','57','disable_notification','0'),
('667','57','disable_internal_notification','0'),
('668','57','disable_highlight_unread','0'),
('669','57','use_comments','0'),
('670','57','display_comments_id','1'),
('671','57','display_last_comment_in_listing','1'),
('672','57','use_editor_in_comments','1'),
('673','57','disable_attachments_in_comments','1'),
('674','57','email_subject_new_comment',NULL),
('675','57','send_notification_to_assigned','1'),
('676','57','redirect_after_adding','subentity'),
('677','57','redirect_after_click_heading','subentity'),
('678','59','menu_title','Proposals'),
('679','59','menu_icon','fa-pencil'),
('680','59','listing_heading',NULL),
('681','59','window_heading',NULL),
('682','59','insert_button','Add Proposal'),
('683','59','reports_hide_insert_button','0'),
('684','59','email_subject_new_item',NULL),
('685','59','email_subject_updated_item',NULL),
('686','59','disable_notification','0'),
('687','59','disable_internal_notification','0'),
('688','59','disable_highlight_unread','0'),
('689','59','use_comments','1'),
('690','59','display_comments_id','1'),
('691','59','display_last_comment_in_listing','1'),
('692','59','use_editor_in_comments','0'),
('693','59','disable_attachments_in_comments','1'),
('694','59','email_subject_new_comment',NULL),
('695','59','send_notification_to_assigned','1'),
('696','59','redirect_after_adding','subentity'),
('697','59','redirect_after_click_heading','subentity'),
('698','56','item_page_subentity57_position','left_column'),
('699','56','item_page_subentity57_heading','Estimate'),
('700','56','hide_subentity57_in_top_menu','0'),
('701','56','item_page_subentity59_position','right_column'),
('702','56','item_page_subentity59_heading','Proposals'),
('703','56','hide_subentity59_in_top_menu','0'),
('704','56','item_page_field724_entity57_position','left_column'),
('705','56','item_page_field724_entity57_heading',NULL),
('706','56','item_page_field758_entity59_position','right_column'),
('707','56','item_page_field758_entity59_heading',NULL),
('708','22','menu_icon',NULL),
('709','22','reports_hide_insert_button','1'),
('710','22','email_subject_updated_item','Updated Task'),
('711','22','disable_notification','0'),
('712','22','disable_internal_notification','0'),
('713','22','disable_highlight_unread','0'),
('714','22','display_comments_id','1'),
('715','22','display_last_comment_in_listing','1'),
('716','22','disable_attachments_in_comments','0'),
('717','22','send_notification_to_assigned','1'),
('718','22','redirect_after_adding','subentity'),
('719','22','redirect_after_click_heading','subentity'),
('720','23','disable_notification','0'),
('721','23','disable_internal_notification','0'),
('722','23','disable_highlight_unread','0'),
('723','23','display_last_comment_in_listing','1'),
('724','23','send_notification_to_assigned','1'),
('725','24','disable_notification','0'),
('726','24','disable_internal_notification','0'),
('727','24','disable_highlight_unread','0'),
('728','24','display_last_comment_in_listing','1'),
('729','24','send_notification_to_assigned','1'),
('730','54','menu_title',NULL),
('731','54','menu_icon',NULL),
('732','54','listing_heading',NULL),
('733','54','window_heading',NULL),
('734','54','insert_button',NULL),
('735','54','reports_hide_insert_button','1'),
('736','54','email_subject_new_item',NULL),
('737','54','email_subject_updated_item',NULL),
('738','54','disable_notification','0'),
('739','54','disable_internal_notification','0'),
('740','54','disable_highlight_unread','0'),
('741','54','use_comments','1'),
('742','54','display_comments_id','1'),
('743','54','display_last_comment_in_listing','1'),
('744','54','use_editor_in_comments','1'),
('745','54','disable_attachments_in_comments','0'),
('746','54','email_subject_new_comment',NULL),
('747','54','send_notification_to_assigned','1'),
('748','54','redirect_after_adding','subentity'),
('749','54','redirect_after_click_heading','subentity'),
('750','53','menu_title',NULL),
('751','53','menu_icon',NULL),
('752','53','listing_heading',NULL),
('753','53','window_heading',NULL),
('754','53','insert_button',NULL),
('755','53','reports_hide_insert_button','1'),
('756','53','email_subject_new_item',NULL),
('757','53','email_subject_updated_item',NULL),
('758','53','disable_notification','0'),
('759','53','disable_internal_notification','0'),
('760','53','disable_highlight_unread','0'),
('761','53','use_comments','1'),
('762','53','display_comments_id','1'),
('763','53','display_last_comment_in_listing','1'),
('764','53','use_editor_in_comments','1'),
('765','53','disable_attachments_in_comments','0'),
('766','53','email_subject_new_comment',NULL),
('767','53','send_notification_to_assigned','1'),
('768','53','redirect_after_adding','subentity'),
('769','53','redirect_after_click_heading','subentity'),
('770','35','disable_notification','0'),
('771','35','disable_internal_notification','0'),
('772','35','disable_highlight_unread','0'),
('773','35','display_last_comment_in_listing','1'),
('774','35','send_notification_to_assigned','0');

CREATE TABLE IF NOT EXISTS `app_entities_menu` (
  `id` int(11) NOT NULL AUTO_INCREMENT,
  `parent_id` int(11) NOT NULL,
  `name` varchar(64) DEFAULT NULL,
  `icon` varchar(64) DEFAULT NULL,
  `entities_list` text,
  `reports_list` text,
  `sort_order` int(11) NOT NULL,
  PRIMARY KEY (`id`),
  KEY `idx_parent_id` (`parent_id`)
) ENGINE=InnoDB AUTO_INCREMENT=10 DEFAULT CHARSET=utf8mb4;

INSERT INTO app_entities_menu VALUES
('5','0','My Calendars','fa-calendar',NULL,'calendarreport6,calendarreport5,calendarreport3,calendarreport4','0'),
('6','0','Library','fa-book',NULL,'standard327,standard237','0'),
('8','0','Invoicing','fa-money','30,52,53,54',NULL,'0'),
('9','0','CRM','fa-user','56,57,59,32',NULL,'0');

CREATE TABLE IF NOT EXISTS `app_entity_1` (
  `id` int(11) NOT NULL AUTO_INCREMENT,
  `parent_id` int(11) NOT NULL DEFAULT '0',
  `parent_item_id` int(11) NOT NULL DEFAULT '0',
  `linked_id` int(11) NOT NULL DEFAULT '0',
  `date_added` bigint(20) NOT NULL DEFAULT '0',
  `date_updated` bigint(20) NOT NULL DEFAULT '0',
  `created_by` int(11) DEFAULT NULL,
  `sort_order` int(11) NOT NULL DEFAULT '0',
  `password` varchar(255) DEFAULT NULL,
  `is_email_verified` tinyint(1) NOT NULL DEFAULT '1',
  `field_5` text,
  `field_6` text,
  `field_7` text,
  `field_8` text,
  `field_9` text,
  `field_10` text,
  `field_12` text,
  `field_13` text,
  `field_14` text,
  `field_213` text,
  `field_214` text,
  `field_215` text,
  `field_216` text,
  `field_217` text,
  `field_218` text,
  `field_219` text,
  `field_220` text,
  `field_233` text,
  `field_321` text,
  `field_379` varchar(1) DEFAULT NULL,
  `field_489` int(11) NOT NULL,
  `field_783` int(11) NOT NULL,
  PRIMARY KEY (`id`),
  KEY `idx_parent_id` (`parent_id`),
  KEY `idx_parent_item_id` (`parent_item_id`),
  KEY `idx_field_783` (`field_783`)
) ENGINE=InnoDB AUTO_INCREMENT=60 DEFAULT CHARSET=utf8mb4;

INSERT INTO app_entity_1 VALUES
('59','0','0','0','1582569692','0','19','0','$P$EUV4YRAmDlIfeuq0e2ZSQkmgUb2hz91','1','1','0','Your','Name','your@email.com',NULL,'admin','english.php','ColorNature',NULL,NULL,NULL,NULL,NULL,NULL,NULL,NULL,NULL,NULL,NULL,'1611664928','0');

CREATE TABLE IF NOT EXISTS `app_entity_1_values` (
  `id` int(11) NOT NULL AUTO_INCREMENT,
  `items_id` int(11) NOT NULL,
  `fields_id` int(11) NOT NULL,
  `value` int(11) NOT NULL,
  PRIMARY KEY (`id`),
  KEY `idx_items_id` (`items_id`),
  KEY `idx_fields_id` (`fields_id`),
  KEY `idx_items_fields_id` (`items_id`,`fields_id`),
  KEY `idx_value_id` (`value`)
) ENGINE=InnoDB AUTO_INCREMENT=57 DEFAULT CHARSET=utf8mb4;

CREATE TABLE IF NOT EXISTS `app_entity_21` (
  `id` int(11) NOT NULL AUTO_INCREMENT,
  `parent_id` int(11) DEFAULT '0',
  `parent_item_id` int(11) DEFAULT '0',
  `linked_id` int(11) DEFAULT '0',
  `date_added` bigint(20) NOT NULL DEFAULT '0',
  `date_updated` bigint(20) NOT NULL DEFAULT '0',
  `created_by` int(11) DEFAULT NULL,
  `sort_order` int(11) DEFAULT '0',
  `field_158` text,
  `field_159` bigint(20) NOT NULL DEFAULT '0',
  `field_160` text,
  `field_161` text,
  `field_162` text,
  `field_210` text,
  `field_211` int(11) NOT NULL,
  `field_212` int(11) NOT NULL,
  `field_221` text,
  `field_222` text,
  `field_393` text,
  `field_419` bigint(20) NOT NULL DEFAULT '0',
  `field_420` bigint(20) NOT NULL DEFAULT '0',
  `field_422` text,
  `field_462` bigint(20) NOT NULL DEFAULT '0',
  `field_561` text,
  `field_563` bigint(20) NOT NULL DEFAULT '0',
  `field_683` text,
  `field_778` text,
  `field_779` text,
  PRIMARY KEY (`id`),
  KEY `idx_parent_id` (`parent_id`),
  KEY `idx_parent_item_id` (`parent_item_id`),
  KEY `idx_field_422` (`field_422`(128)),
  KEY `idx_field_561` (`field_561`(128)),
  KEY `idx_field_778` (`field_778`(128)),
  KEY `idx_field_779` (`field_779`(128))
) ENGINE=InnoDB AUTO_INCREMENT=38 DEFAULT CHARSET=utf8mb4;

CREATE TABLE IF NOT EXISTS `app_entity_21_values` (
  `id` int(11) NOT NULL AUTO_INCREMENT,
  `items_id` int(11) NOT NULL,
  `fields_id` int(11) NOT NULL,
  `value` int(11) NOT NULL,
  PRIMARY KEY (`id`),
  KEY `idx_items_id` (`items_id`),
  KEY `idx_fields_id` (`fields_id`),
  KEY `idx_items_fields_id` (`items_id`,`fields_id`),
  KEY `idx_value_id` (`value`)
) ENGINE=InnoDB AUTO_INCREMENT=927 DEFAULT CHARSET=utf8mb4;

CREATE TABLE IF NOT EXISTS `app_entity_22` (
  `id` int(11) NOT NULL AUTO_INCREMENT,
  `parent_id` int(11) DEFAULT '0',
  `parent_item_id` int(11) DEFAULT '0',
  `linked_id` int(11) DEFAULT '0',
  `date_added` bigint(20) NOT NULL DEFAULT '0',
  `date_updated` bigint(20) NOT NULL DEFAULT '0',
  `created_by` int(11) DEFAULT NULL,
  `sort_order` int(11) DEFAULT '0',
  `field_167` text,
  `field_168` text,
  `field_171` text,
  `field_172` text,
  `field_173` text,
  `field_174` varchar(64) DEFAULT NULL,
  `field_175` bigint(20) NOT NULL DEFAULT '0',
  `field_176` bigint(20) NOT NULL DEFAULT '0',
  `field_177` text,
  `field_223` int(11) NOT NULL,
  `field_224` int(11) NOT NULL,
  `field_451` text,
  `field_467` text,
  `field_570` varchar(1) DEFAULT NULL,
  `field_777` varchar(1) DEFAULT NULL,
  PRIMARY KEY (`id`),
  KEY `idx_parent_id` (`parent_id`),
  KEY `idx_parent_item_id` (`parent_item_id`)
) ENGINE=InnoDB AUTO_INCREMENT=47 DEFAULT CHARSET=utf8mb4;

CREATE TABLE IF NOT EXISTS `app_entity_22_values` (
  `id` int(11) NOT NULL AUTO_INCREMENT,
  `items_id` int(11) NOT NULL,
  `fields_id` int(11) NOT NULL,
  `value` int(11) NOT NULL,
  PRIMARY KEY (`id`),
  KEY `idx_items_id` (`items_id`),
  KEY `idx_fields_id` (`fields_id`),
  KEY `idx_items_fields_id` (`items_id`,`fields_id`),
  KEY `idx_value_id` (`value`)
) ENGINE=InnoDB AUTO_INCREMENT=429 DEFAULT CHARSET=utf8mb4;

CREATE TABLE IF NOT EXISTS `app_entity_23` (
  `id` int(11) NOT NULL AUTO_INCREMENT,
  `parent_id` int(11) DEFAULT '0',
  `parent_item_id` int(11) DEFAULT '0',
  `linked_id` int(11) DEFAULT '0',
  `date_added` bigint(20) NOT NULL DEFAULT '0',
  `date_updated` bigint(20) NOT NULL DEFAULT '0',
  `created_by` int(11) DEFAULT NULL,
  `sort_order` int(11) DEFAULT '0',
  `field_183` text,
  `field_184` text,
  `field_185` text,
  `field_194` text,
  `field_225` int(11) NOT NULL,
  `field_226` int(11) NOT NULL,
  `field_296` bigint(20) NOT NULL DEFAULT '0',
  `field_468` text,
  PRIMARY KEY (`id`),
  KEY `idx_parent_id` (`parent_id`),
  KEY `idx_parent_item_id` (`parent_item_id`)
) ENGINE=InnoDB AUTO_INCREMENT=18 DEFAULT CHARSET=utf8mb4;

CREATE TABLE IF NOT EXISTS `app_entity_23_values` (
  `id` int(11) NOT NULL AUTO_INCREMENT,
  `items_id` int(11) NOT NULL,
  `fields_id` int(11) NOT NULL,
  `value` int(11) NOT NULL,
  PRIMARY KEY (`id`),
  KEY `idx_items_id` (`items_id`),
  KEY `idx_fields_id` (`fields_id`),
  KEY `idx_items_fields_id` (`items_id`,`fields_id`),
  KEY `idx_value_id` (`value`)
) ENGINE=InnoDB AUTO_INCREMENT=115 DEFAULT CHARSET=utf8mb4;

CREATE TABLE IF NOT EXISTS `app_entity_24` (
  `id` int(11) NOT NULL AUTO_INCREMENT,
  `parent_id` int(11) DEFAULT '0',
  `parent_item_id` int(11) DEFAULT '0',
  `linked_id` int(11) DEFAULT '0',
  `date_added` bigint(20) NOT NULL DEFAULT '0',
  `date_updated` bigint(20) NOT NULL DEFAULT '0',
  `created_by` int(11) DEFAULT NULL,
  `sort_order` int(11) DEFAULT '0',
  `field_191` text,
  `field_192` text,
  `field_193` text,
  `field_195` text,
  PRIMARY KEY (`id`),
  KEY `idx_parent_id` (`parent_id`),
  KEY `idx_parent_item_id` (`parent_item_id`)
) ENGINE=InnoDB AUTO_INCREMENT=14 DEFAULT CHARSET=utf8mb4;

CREATE TABLE IF NOT EXISTS `app_entity_24_values` (
  `id` int(11) NOT NULL AUTO_INCREMENT,
  `items_id` int(11) NOT NULL,
  `fields_id` int(11) NOT NULL,
  `value` int(11) NOT NULL,
  PRIMARY KEY (`id`),
  KEY `idx_items_id` (`items_id`),
  KEY `idx_fields_id` (`fields_id`),
  KEY `idx_items_fields_id` (`items_id`,`fields_id`),
  KEY `idx_value_id` (`value`)
) ENGINE=InnoDB AUTO_INCREMENT=20 DEFAULT CHARSET=utf8mb4;

CREATE TABLE IF NOT EXISTS `app_entity_25` (
  `id` int(11) NOT NULL AUTO_INCREMENT,
  `parent_id` int(11) DEFAULT '0',
  `parent_item_id` int(11) DEFAULT '0',
  `linked_id` int(11) DEFAULT '0',
  `date_added` bigint(20) NOT NULL DEFAULT '0',
  `date_updated` bigint(20) NOT NULL DEFAULT '0',
  `created_by` int(11) DEFAULT NULL,
  `sort_order` int(11) DEFAULT '0',
  `field_209` int(11) NOT NULL,
  `field_228` int(11) unsigned NOT NULL,
  `field_229` text,
  `field_230` text,
  `field_231` text,
  `field_232` text,
  `field_234` int(11) NOT NULL,
  `field_235` text,
  `field_255` int(11) NOT NULL,
  `field_263` text,
  `field_278` text,
  `field_320` varchar(64) DEFAULT NULL,
  `field_449` text,
  `field_450` varchar(1) DEFAULT NULL,
  `field_552` bigint(20) NOT NULL DEFAULT '0',
  `field_639` int(11) NOT NULL,
  PRIMARY KEY (`id`),
  KEY `idx_parent_id` (`parent_id`),
  KEY `idx_parent_item_id` (`parent_item_id`),
  KEY `idx_created_by` (`created_by`),
  KEY `idx_field_639` (`field_639`)
) ENGINE=InnoDB AUTO_INCREMENT=13 DEFAULT CHARSET=utf8mb4;

CREATE TABLE IF NOT EXISTS `app_entity_25_values` (
  `id` int(11) NOT NULL AUTO_INCREMENT,
  `items_id` int(11) NOT NULL,
  `fields_id` int(11) NOT NULL,
  `value` int(11) NOT NULL,
  PRIMARY KEY (`id`),
  KEY `idx_items_id` (`items_id`),
  KEY `idx_fields_id` (`fields_id`),
  KEY `idx_items_fields_id` (`items_id`,`fields_id`),
  KEY `idx_value_id` (`value`)
) ENGINE=InnoDB AUTO_INCREMENT=284 DEFAULT CHARSET=utf8mb4;

CREATE TABLE IF NOT EXISTS `app_entity_27` (
  `id` int(11) NOT NULL AUTO_INCREMENT,
  `parent_id` int(11) DEFAULT '0',
  `parent_item_id` int(11) DEFAULT '0',
  `linked_id` int(11) DEFAULT '0',
  `date_added` bigint(20) NOT NULL DEFAULT '0',
  `date_updated` bigint(20) NOT NULL DEFAULT '0',
  `created_by` int(11) DEFAULT NULL,
  `sort_order` int(11) DEFAULT '0',
  `field_252` text,
  `field_253` int(11) NOT NULL,
  `field_254` text,
  PRIMARY KEY (`id`),
  KEY `idx_parent_id` (`parent_id`),
  KEY `idx_parent_item_id` (`parent_item_id`),
  KEY `idx_created_by` (`created_by`)
) ENGINE=InnoDB AUTO_INCREMENT=20 DEFAULT CHARSET=utf8mb4;

CREATE TABLE IF NOT EXISTS `app_entity_27_values` (
  `id` int(11) NOT NULL AUTO_INCREMENT,
  `items_id` int(11) NOT NULL,
  `fields_id` int(11) NOT NULL,
  `value` int(11) NOT NULL,
  PRIMARY KEY (`id`),
  KEY `idx_items_id` (`items_id`),
  KEY `idx_fields_id` (`fields_id`),
  KEY `idx_items_fields_id` (`items_id`,`fields_id`),
  KEY `idx_value_id` (`value`)
) ENGINE=InnoDB AUTO_INCREMENT=26 DEFAULT CHARSET=utf8mb4;

CREATE TABLE IF NOT EXISTS `app_entity_30` (
  `id` int(11) NOT NULL AUTO_INCREMENT,
  `parent_id` int(11) DEFAULT '0',
  `parent_item_id` int(11) DEFAULT '0',
  `linked_id` int(11) DEFAULT '0',
  `date_added` bigint(20) NOT NULL DEFAULT '0',
  `date_updated` bigint(20) NOT NULL DEFAULT '0',
  `created_by` int(11) DEFAULT NULL,
  `sort_order` int(11) DEFAULT '0',
  `field_284` varchar(64) DEFAULT NULL,
  `field_286` int(11) NOT NULL,
  `field_289` varchar(1) DEFAULT NULL,
  `field_291` int(11) NOT NULL,
  `field_293` bigint(20) NOT NULL DEFAULT '0',
  `field_547` varchar(1) DEFAULT NULL,
  `field_548` varchar(1) DEFAULT NULL,
  `field_593` varchar(1) DEFAULT NULL,
  `field_693` varchar(1) DEFAULT NULL,
  `field_780` varchar(1) DEFAULT NULL,
  PRIMARY KEY (`id`),
  KEY `idx_parent_id` (`parent_id`),
  KEY `idx_parent_item_id` (`parent_item_id`),
  KEY `idx_created_by` (`created_by`)
) ENGINE=InnoDB AUTO_INCREMENT=14 DEFAULT CHARSET=utf8mb4;

CREATE TABLE IF NOT EXISTS `app_entity_30_values` (
  `id` int(11) NOT NULL AUTO_INCREMENT,
  `items_id` int(11) NOT NULL,
  `fields_id` int(11) NOT NULL,
  `value` int(11) NOT NULL,
  PRIMARY KEY (`id`),
  KEY `idx_items_id` (`items_id`),
  KEY `idx_fields_id` (`fields_id`),
  KEY `idx_items_fields_id` (`items_id`,`fields_id`),
  KEY `idx_value_id` (`value`)
) ENGINE=InnoDB AUTO_INCREMENT=87 DEFAULT CHARSET=utf8mb4;

CREATE TABLE IF NOT EXISTS `app_entity_35` (
  `id` int(11) unsigned NOT NULL AUTO_INCREMENT,
  `parent_id` int(11) unsigned DEFAULT '0',
  `parent_item_id` int(11) unsigned DEFAULT '0',
  `linked_id` int(11) unsigned DEFAULT '0',
  `date_added` bigint(20) NOT NULL DEFAULT '0',
  `date_updated` bigint(20) NOT NULL DEFAULT '0',
  `created_by` int(11) unsigned DEFAULT NULL,
  `sort_order` int(11) DEFAULT '0',
  `field_344` text,
  `field_345` text,
  `field_346` text,
  `field_347` text,
  `field_348` int(11) unsigned NOT NULL,
  `field_453` text,
  `field_454` text,
  `field_455` text,
  `field_456` text,
  `field_457` text,
  `field_466` varchar(1) DEFAULT NULL,
  PRIMARY KEY (`id`),
  KEY `idx_parent_id` (`parent_id`),
  KEY `idx_parent_item_id` (`parent_item_id`),
  KEY `idx_created_by` (`created_by`)
) ENGINE=InnoDB AUTO_INCREMENT=324 DEFAULT CHARSET=utf8mb4;

CREATE TABLE IF NOT EXISTS `app_entity_35_values` (
  `id` int(11) unsigned NOT NULL AUTO_INCREMENT,
  `items_id` int(11) unsigned NOT NULL,
  `fields_id` int(11) unsigned NOT NULL,
  `value` int(11) unsigned NOT NULL,
  PRIMARY KEY (`id`),
  KEY `idx_items_id` (`items_id`),
  KEY `idx_fields_id` (`fields_id`),
  KEY `idx_items_fields_id` (`items_id`,`fields_id`),
  KEY `idx_value_id` (`value`)
) ENGINE=InnoDB AUTO_INCREMENT=726 DEFAULT CHARSET=utf8mb4;

CREATE TABLE IF NOT EXISTS `app_entity_46` (
  `id` int(11) unsigned NOT NULL AUTO_INCREMENT,
  `parent_id` int(11) unsigned DEFAULT '0',
  `parent_item_id` int(11) unsigned DEFAULT '0',
  `linked_id` int(11) unsigned DEFAULT '0',
  `date_added` bigint(20) NOT NULL DEFAULT '0',
  `date_updated` bigint(20) NOT NULL DEFAULT '0',
  `created_by` int(11) unsigned DEFAULT NULL,
  `sort_order` int(11) DEFAULT '0',
  `field_560` int(11) NOT NULL,
  `field_566` varchar(1) DEFAULT NULL,
  PRIMARY KEY (`id`),
  KEY `idx_parent_id` (`parent_id`),
  KEY `idx_parent_item_id` (`parent_item_id`),
  KEY `idx_created_by` (`created_by`),
  KEY `idx_field_560` (`field_560`)
) ENGINE=InnoDB AUTO_INCREMENT=16 DEFAULT CHARSET=utf8mb4;

CREATE TABLE IF NOT EXISTS `app_entity_46_values` (
  `id` int(11) unsigned NOT NULL AUTO_INCREMENT,
  `items_id` int(11) unsigned NOT NULL,
  `fields_id` int(11) unsigned NOT NULL,
  `value` int(11) unsigned NOT NULL,
  PRIMARY KEY (`id`),
  KEY `idx_items_id` (`items_id`),
  KEY `idx_fields_id` (`fields_id`),
  KEY `idx_items_fields_id` (`items_id`,`fields_id`),
  KEY `idx_value_id` (`value`)
) ENGINE=InnoDB DEFAULT CHARSET=utf8mb4;

CREATE TABLE IF NOT EXISTS `app_entity_52` (
  `id` int(11) unsigned NOT NULL AUTO_INCREMENT,
  `parent_id` int(11) unsigned DEFAULT '0',
  `parent_item_id` int(11) unsigned DEFAULT '0',
  `linked_id` int(11) unsigned DEFAULT '0',
  `date_added` bigint(20) NOT NULL DEFAULT '0',
  `date_updated` bigint(20) NOT NULL DEFAULT '0',
  `created_by` int(11) unsigned DEFAULT NULL,
  `sort_order` int(11) DEFAULT '0',
  `field_658` varchar(64) DEFAULT NULL,
  `field_659` text,
  `field_660` text,
  `field_661` varchar(1) DEFAULT NULL,
  `field_662` int(11) NOT NULL,
  `field_663` varchar(64) DEFAULT NULL,
  `field_664` bigint(20) NOT NULL DEFAULT '0',
  `field_666` int(11) NOT NULL,
  `field_667` varchar(1) DEFAULT NULL,
  PRIMARY KEY (`id`),
  KEY `idx_parent_id` (`parent_id`),
  KEY `idx_parent_item_id` (`parent_item_id`),
  KEY `idx_created_by` (`created_by`),
  KEY `idx_field_662` (`field_662`),
  KEY `idx_field_666` (`field_666`),
  KEY `idx_field_659` (`field_659`(128))
) ENGINE=InnoDB AUTO_INCREMENT=5 DEFAULT CHARSET=utf8mb4;

CREATE TABLE IF NOT EXISTS `app_entity_52_values` (
  `id` int(11) unsigned NOT NULL AUTO_INCREMENT,
  `items_id` int(11) unsigned NOT NULL,
  `fields_id` int(11) unsigned NOT NULL,
  `value` int(11) unsigned NOT NULL,
  PRIMARY KEY (`id`),
  KEY `idx_items_id` (`items_id`),
  KEY `idx_fields_id` (`fields_id`),
  KEY `idx_items_fields_id` (`items_id`,`fields_id`),
  KEY `idx_value_id` (`value`)
) ENGINE=InnoDB AUTO_INCREMENT=13 DEFAULT CHARSET=utf8mb4;

CREATE TABLE IF NOT EXISTS `app_entity_53` (
  `id` int(11) unsigned NOT NULL AUTO_INCREMENT,
  `parent_id` int(11) unsigned DEFAULT '0',
  `parent_item_id` int(11) unsigned DEFAULT '0',
  `linked_id` int(11) unsigned DEFAULT '0',
  `date_added` bigint(20) NOT NULL DEFAULT '0',
  `date_updated` bigint(20) NOT NULL DEFAULT '0',
  `created_by` int(11) unsigned DEFAULT NULL,
  `sort_order` int(11) DEFAULT '0',
  `field_668` int(11) NOT NULL,
  `field_669` bigint(20) NOT NULL DEFAULT '0',
  `field_670` varchar(64) DEFAULT NULL,
  `field_671` text,
  `field_672` varchar(1) DEFAULT NULL,
  `field_673` varchar(1) DEFAULT NULL,
  `field_674` int(11) NOT NULL,
  PRIMARY KEY (`id`),
  KEY `idx_parent_id` (`parent_id`),
  KEY `idx_parent_item_id` (`parent_item_id`),
  KEY `idx_created_by` (`created_by`),
  KEY `idx_field_668` (`field_668`),
  KEY `idx_field_674` (`field_674`)
) ENGINE=InnoDB AUTO_INCREMENT=7 DEFAULT CHARSET=utf8mb4;

CREATE TABLE IF NOT EXISTS `app_entity_53_values` (
  `id` int(11) unsigned NOT NULL AUTO_INCREMENT,
  `items_id` int(11) unsigned NOT NULL,
  `fields_id` int(11) unsigned NOT NULL,
  `value` int(11) unsigned NOT NULL,
  PRIMARY KEY (`id`),
  KEY `idx_items_id` (`items_id`),
  KEY `idx_fields_id` (`fields_id`),
  KEY `idx_items_fields_id` (`items_id`,`fields_id`),
  KEY `idx_value_id` (`value`)
) ENGINE=InnoDB AUTO_INCREMENT=15 DEFAULT CHARSET=utf8mb4;

CREATE TABLE IF NOT EXISTS `app_entity_54` (
  `id` int(11) unsigned NOT NULL AUTO_INCREMENT,
  `parent_id` int(11) unsigned DEFAULT '0',
  `parent_item_id` int(11) unsigned DEFAULT '0',
  `linked_id` int(11) unsigned DEFAULT '0',
  `date_added` bigint(20) NOT NULL DEFAULT '0',
  `date_updated` bigint(20) NOT NULL DEFAULT '0',
  `created_by` int(11) unsigned DEFAULT NULL,
  `sort_order` int(11) DEFAULT '0',
  `field_675` bigint(20) NOT NULL DEFAULT '0',
  `field_676` int(11) NOT NULL,
  `field_677` varchar(64) DEFAULT NULL,
  `field_678` varchar(64) DEFAULT NULL,
  `field_679` text,
  `field_680` varchar(1) DEFAULT NULL,
  `field_681` varchar(1) DEFAULT NULL,
  `field_682` varchar(1) DEFAULT NULL,
  PRIMARY KEY (`id`),
  KEY `idx_parent_id` (`parent_id`),
  KEY `idx_parent_item_id` (`parent_item_id`),
  KEY `idx_created_by` (`created_by`),
  KEY `idx_field_676` (`field_676`)
) ENGINE=InnoDB AUTO_INCREMENT=3 DEFAULT CHARSET=utf8mb4;

CREATE TABLE IF NOT EXISTS `app_entity_54_values` (
  `id` int(11) unsigned NOT NULL AUTO_INCREMENT,
  `items_id` int(11) unsigned NOT NULL,
  `fields_id` int(11) unsigned NOT NULL,
  `value` int(11) unsigned NOT NULL,
  PRIMARY KEY (`id`),
  KEY `idx_items_id` (`items_id`),
  KEY `idx_fields_id` (`fields_id`),
  KEY `idx_items_fields_id` (`items_id`,`fields_id`),
  KEY `idx_value_id` (`value`)
) ENGINE=InnoDB AUTO_INCREMENT=3 DEFAULT CHARSET=utf8mb4;

CREATE TABLE IF NOT EXISTS `app_entity_56` (
  `id` int(11) unsigned NOT NULL AUTO_INCREMENT,
  `parent_id` int(11) unsigned DEFAULT '0',
  `parent_item_id` int(11) unsigned DEFAULT '0',
  `linked_id` int(11) unsigned DEFAULT '0',
  `date_added` bigint(20) NOT NULL DEFAULT '0',
  `date_updated` bigint(20) NOT NULL DEFAULT '0',
  `created_by` int(11) unsigned DEFAULT NULL,
  `sort_order` int(11) DEFAULT '0',
  `field_700` text,
  `field_701` text,
  `field_702` text,
  `field_703` text,
  `field_704` text,
  `field_705` text,
  `field_706` text,
  `field_707` text,
  `field_708` varchar(64) DEFAULT NULL,
  `field_709` text,
  `field_712` text,
  `field_713` text,
  `field_714` varchar(64) DEFAULT NULL,
  `field_715` varchar(64) DEFAULT NULL,
  `field_716` text,
  `field_769` int(11) NOT NULL,
  `field_770` int(11) NOT NULL,
  `field_771` text,
  `field_772` text,
  `field_773` text,
  `field_774` text,
  `field_775` text,
  `field_776` bigint(20) NOT NULL DEFAULT '0',
  `field_781` int(11) NOT NULL,
  `field_782` int(11) NOT NULL,
  PRIMARY KEY (`id`),
  KEY `idx_parent_id` (`parent_id`),
  KEY `idx_parent_item_id` (`parent_item_id`),
  KEY `idx_created_by` (`created_by`),
  KEY `idx_field_769` (`field_769`),
  KEY `idx_field_770` (`field_770`),
  KEY `idx_field_781` (`field_781`),
  KEY `idx_field_782` (`field_782`),
  KEY `idx_field_774` (`field_774`(128))
) ENGINE=InnoDB AUTO_INCREMENT=3 DEFAULT CHARSET=utf8mb4;

CREATE TABLE IF NOT EXISTS `app_entity_56_values` (
  `id` int(11) unsigned NOT NULL AUTO_INCREMENT,
  `items_id` int(11) unsigned NOT NULL,
  `fields_id` int(11) unsigned NOT NULL,
  `value` int(11) unsigned NOT NULL,
  PRIMARY KEY (`id`),
  KEY `idx_items_id` (`items_id`),
  KEY `idx_fields_id` (`fields_id`),
  KEY `idx_items_fields_id` (`items_id`,`fields_id`),
  KEY `idx_value_id` (`value`)
) ENGINE=InnoDB AUTO_INCREMENT=6 DEFAULT CHARSET=utf8mb4;

CREATE TABLE IF NOT EXISTS `app_entity_57` (
  `id` int(11) unsigned NOT NULL AUTO_INCREMENT,
  `parent_id` int(11) unsigned DEFAULT '0',
  `parent_item_id` int(11) unsigned DEFAULT '0',
  `linked_id` int(11) unsigned DEFAULT '0',
  `date_added` bigint(20) NOT NULL DEFAULT '0',
  `date_updated` bigint(20) NOT NULL DEFAULT '0',
  `created_by` int(11) unsigned DEFAULT NULL,
  `sort_order` int(11) DEFAULT '0',
  `field_723` text,
  `field_724` text,
  `field_725` varchar(1) DEFAULT NULL,
  `field_726` varchar(1) DEFAULT NULL,
  `field_727` varchar(1) DEFAULT NULL,
  `field_728` varchar(1) DEFAULT NULL,
  `field_729` varchar(1) DEFAULT NULL,
  `field_730` varchar(1) DEFAULT NULL,
  `field_731` text,
  `field_732` varchar(64) DEFAULT NULL,
  `field_733` int(11) NOT NULL,
  `field_734` int(11) NOT NULL,
  `field_735` varchar(1) DEFAULT NULL,
  PRIMARY KEY (`id`),
  KEY `idx_parent_id` (`parent_id`),
  KEY `idx_parent_item_id` (`parent_item_id`),
  KEY `idx_created_by` (`created_by`),
 